{
  "msg1": {
    "grupo1": [
      "Não esquece de salvar meu número aí,",
      "Nao esquece de salvar meu contato,",
      "N esquece de salvar meu contato aí,"
    ],
    "grupo2": [
      "salva pq se aparecer outro trampo mais tarde eu te chamo tambem",
      "salva pq se aparecer outro trampo amanhã eu te chamo também",
      "salva porque se aparecer outro trampo depois eu te chamo tambem"
    ]
  },
  "msg2": {
    "grupo1": [
      "O trampo é bem simples",
      "O trampo é simples",
      "O trampo é bem tranquilo"
    ]
  },
  "pontos": {
    "p1": {
      "g1": [
        "você precisa de uma conta pra receber o dinheiro",
        "você precisa ter uma conta pra receber o dinheiro",
        "vc precisa de uma conta pra receber o dinheiro",
        "vc precisa ter uma conta pra receber o dinheiro",
        "você vai precisar de uma conta pra receber o dinheiro",
        "você precisa de uma conta bancária pra receber o dinheiro",
        "você precisa ter uma conta bancária pra receber o dinheiro",
        "vc precisa de uma conta bancária pra receber o dinheiro",
        "vc precisa ter uma conta bancária pra receber o dinheiro",
        "você vai precisar de uma conta bancária pra receber o dinheiro"
      ],
      "g2": [
        "pode ser qualquer banco",
        "pode ser qlqr banco",
        "qualquer banco serve",
        "qualquer banco",
        "qlqr banco serve"
      ],
      "g3": [
        "so nao da certo se for o SICOOB",
        "só não dá certo se for o SICOOB",
        "só não funciona se for o SICOOB",
        "so nao funciona se for o SICOOB",
        "só não dá se for o SICOOB",
        "so nao da certo se for SICOOB",
        "só não dá certo se for SICOOB",
        "só não funciona se for SICOOB",
        "so nao funciona se for SICOOB",
        "só não dá se for SICOOB",
        "so nao da certo se for o WISE",
        "só não dá certo se for o WISE",
        "só não funciona se for o WISE",
        "so nao funciona se for o WISE",
        "só não dá se for o WISE",
        "so nao da certo se for WISE",
        "só não dá certo se for WISE",
        "só não funciona se for WISE",
        "so nao funciona se for WISE",
        "só não dá se for WISE"
      ]
    },
    "p2": {
      "g1": [
        "se tiver dados moveis",
        "se tiver dados móveis",
        "se tiver 5g",
        "se tiver 4g",
        "se tiver dados",
        "se tiver internet no chip",
        "se vc tiver dados moveis",
        "se vc tiver dados móveis",
        "se vc tiver 5g",
        "se vc tiver 4g",
        "se vc tiver dados",
        "se vc tiver internet no chip",
        "se você tiver dados moveis",
        "se você tiver dados móveis",
        "se você tiver 5g",
        "se você tiver 4g",
        "se você tiver dados",
        "se você tiver internet no chip"
      ],
      "g2": [
        "desativa o wi-fi",
        "desliga o wi-fi",
        "desativa o wifi",
        "desliga o wifi",
        "tira do wi-fi",
        "tira do wifi",
        "deixa desligado o wi-fi",
        "deixa desligado o wifi",
        "deixa desativado o wi-fi",
        "deixa desativado o wifi",
        "deixa o wi-fi desligado",
        "deixa o wifi desligado"
      ],
      "g3": [
        "mas se nao tiver deixa no wifi mesmo",
        "mas se não tiver deixa no wifi mesmo",
        "mas se nao tiver deixa no wi-fi mesmo",
        "mas se não tiver deixa no wi-fi mesmo",
        "mas se nao tiver deixa no wifi",
        "mas se não tiver deixa no wifi",
        "mas se nao tiver deixa no wi-fi",
        "mas se não tiver deixa no wi-fi",
        "mas se não tiver pode deixar no wifi mesmo",
        "mas se não tiver pode deixar no wi-fi mesmo",
        "mas se nao tiver pode deixar no wifi mesmo",
        "mas se nao tiver pode deixar no wi-fi mesmo",
        "mas se não tiver usa o wifi mesmo",
        "mas se não tiver usa o wi-fi mesmo",
        "mas se nao tiver usa o wifi mesmo",
        "mas se nao tiver usa o wi-fi mesmo",
        "mas se não tiver pode deixar no wifi",
        "mas se não tiver pode deixar no wi-fi",
        "mas se nao tiver pode deixar no wifi",
        "mas se nao tiver pode deixar no wi-fi"
      ]
    },
    "p3": {
      "g1": [
        "Esse nosso esquema tá rolando numas conta gringa q a gente tá conseguindo acessar",
        "Nosso esquema tá rolando em umas conta gringa q a gente tá conseguindo acessar",
        "Esse esquema tá rolando numas conta internacional q a gente tá conseguindo acessar"
      ],
      "g2": [
        "vou passar o email e a senha de uma conta dessas pra você acessar",
        "vou passar o e-mail e a senha de uma conta dessas pra você acessar",
        "vou passar o email e a senha de uma conta dessas pra vc acessar",
        "vou passar o e-mail e a senha de uma conta dessas pra vc acessar",
        "vou te passar o email e a senha de uma conta dessas pra você acessar",
        "vou te passar o e-mail e a senha de uma conta dessas pra você acessar",
        "vou te passar o email e a senha de uma conta dessas pra vc acessar",
        "vou te passar o e-mail e a senha de uma conta dessas pra vc acessar",
        "vou passar o email e a senha de uma conta dessas pra você entrar",
        "vou passar o e-mail e a senha de uma conta dessas pra você entrar",
        "vou passar o email e a senha de uma conta dessas pra vc entrar",
        "vou passar o e-mail e a senha de uma conta dessas pra vc entrar",
        "vou te passar o email e a senha de uma conta dessas pra você entrar",
        "vou te passar o e-mail e a senha de uma conta dessas pra você entrar"
      ],
      "g3": [
        "lá vai ter um saldo disponível",
        "lá vai ter um saldo disponivel",
        "vai ter um saldo disponível lá",
        "vai ter um saldo disponivel lá",
        "lá vai ter um dinheiro disponível",
        "lá vai ter um dinheiro disponivel",
        "vai ter um dinheiro disponível lá",
        "vai ter um dinheiro disponivel lá",
        "lá vai ter uma grana disponível",
        "lá vai ter uma grana disponivel",
        "vai ter uma grana disponível lá",
        "vai ter uma grana disponivel lá",
        "vai ter um dinheiro disponível pra saque lá",
        "vai ter um dinheiro disponivel pra saque lá",
        "lá vai ter um dinheiro disponível pra saque",
        "lá vai ter um dinheiro disponivel pra saque",
        "vai ter um saldo disponível pra saque lá",
        "vai ter um saldo disponivel pra saque lá",
        "lá vai ter um saldo disponível pra saque",
        "lá vai ter um saldo disponivel pra saque"
      ],
      "g4": [
        "é só você transferir pra sua conta, mais nada",
        "é só vc transferir pra sua conta, mais nada",
        "é só você transferir pra sua conta bancária, mais nada",
        "é só vc transferir pra sua conta bancária, mais nada",
        "é só você sacar pra sua conta, mais nada",
        "é só vc sacar pra sua conta, mais nada",
        "é só você sacar pra sua conta bancária, mais nada",
        "é só vc sacar pra sua conta bancária, mais nada",
        "você só precisa transferir pra sua conta, mais nada",
        "vc só precisa transferir pra sua conta, mais nada",
        "é só vc mandar pra sua conta, mais nada",
        "é só você mandar pra sua conta, e já era",
        "você só precisa transferir pra sua conta bancária, e já era",
        "vc só precisa transferir pra sua conta bancária, e já era",
        "é só vc mandar pra sua conta bancária, e já era",
        "é só você mandar pra sua conta bancária, e já era",
        "você só precisa sacar pra sua conta, e já era",
        "vc só precisa sacar pra sua conta, e já era",
        "você só precisa sacar pra sua conta bancária, e já era",
        "vc só precisa sacar pra sua conta bancária, e já era"
      ]
    },
    "p4": {
      "g1": [
        "sua parte vai ser 2000",
        "você vai receber 2000",
        "sua parte é 2000",
        "sua parte vai ser 2000",
        "vc vai receber 2000 pelo trampo",
        "você vai receber 2000 pelo trampo",
        "você vai receber 2000 nesse trampo"
      ],
      "g2": [
        "quando cair vc tira sua parte e me manda o resto em uma outra conta que vou te passar depois",
        "assim que cair vc tira sua parte e me manda o resto em uma outra conta que vou te passar depois",
        "quando cair você tira sua parte e me manda o resto em uma outra conta que vou te passar depois"
      ],
      "g3": [
        "mas se eu pegar confiança depois te passo outras contas e aumento sua parte",
        "mas se vc for confiável depois te passo outras contas e aumento sua parte",
        "mas se vc fizer certinho e for confiável depois te passo outras contas e aumento sua parte"
      ]
    }
  },
  "msg3": {
    "grupo1": [
      "não tem segredo",
      "nao tem segredo",
      "é só isso",
      "é só isso mesmo",
      "é só isso aí",
      "é só isso msm",
      "é só isso aí msm"
    ],
    "grupo2": [
      "a gente vai fazendo parte por parte pra nao ter erro blz",
      "a gente vai fazendo parte por parte pra não ter erro blz",
      "a gente vai fazendo parte por parte pra nao ter erro beleza",
      "a gente vai fazendo parte por parte pra não ter erro beleza",
      "a gente vai fazendo parte por parte pra nao ter erro, blz",
      "a gente vai fazendo parte por parte pra não ter erro, blz",
      "a gente vai fazendo parte por parte pra nao ter erro, beleza",
      "a gente vai fazendo parte por parte pra não ter erro, beleza",
      "a gente vai fazendo parte por parte pra nao ter erro, pode ser",
      "a gente vai fazendo parte por parte pra não ter erro, pode ser",
      "a gnt vai fazendo parte por parte pra nao ter erro blz",
      "a gnt vai fazendo parte por parte pra não ter erro blz",
      "a gnt vai fazendo parte por parte pra nao ter erro beleza",
      "a gnt vai fazendo parte por parte pra não ter erro beleza",
      "a gnt vai fazendo parte por parte pra nao ter erro, blz",
      "a gnt vai fazendo parte por parte pra não ter erro, blz",
      "a gnt vai fazendo parte por parte pra nao ter erro, beleza",
      "a gnt vai fazendo parte por parte pra não ter erro, beleza",
      "a gnt vai fazendo parte por parte pra nao ter erro, pode ser",
      "a gnt vai fazendo parte por parte pra não ter erro, pode ser",
      "a gente faz parte por parte pra nao ter erro blz",
      "a gente faz parte por parte pra não ter erro blz",
      "a gente faz parte por parte pra nao ter erro beleza",
      "a gente faz parte por parte pra não ter erro beleza",
      "a gente faz parte por parte pra nao ter erro, blz",
      "a gente faz parte por parte pra não ter erro, blz"
    ]
  }
}