{
  "msg1": {
    "g1": [
      "Mas eu posso confiar mesmo né?",
      "Posso confiar mesmo né?",
      "Posso confiar em você mesmo né?"
    ],
    "g2": [
      "Pq eu vou confiar minha grana kkkkkk",
      "Porque vou confiar meu dinheiro kkkkk",
      "Pq vou confiar o meu dinheiro kkkkk"
    ]
  },
  "msg2": {
    "g1": [
      "Não tem nem pq querer passar a perna em mim,",
      "E nem tem porque vc querer me enganar,",
      "E nem tem sentido vc querer passar a perna em mim,"
    ],
    "g2": [
      "pq se vc fizer esse trampo direitinho vai ter muito mais,",
      "porque se vc fizer esse trampo aí direitinho vai ter muito mais,",
      "porque se vc fizer esse trampo direito vai ter muito mais,"
    ],
    "g3": [
      "vou te chamar sempre",
      "vou te colocar em vários outros",
      "vou te colocar em muitos outros"
    ]
  },
  "msg3": {
    "g1": [
      "Vc que me diz,",
      "E ai,",
      "Então,"
    ],
    "g2": [
      "posso confiar?",
      "posso confiar em vc?",
      "posso confiar esse trampo em você?"
    ]
  }
}