{
  "msg1": {
    "bloco1A": [
      "vou mandar o e-mail e a senha da conta",
      "vou mandar o email e a senha da conta",
      "te mandar o e-mail e a senha da conta",
      "te mandar o email e a senha da conta",
      "esse é o e-mail e a senha da conta",
      "esse é o email e a senha da conta",
      "e-mail e a senha da conta",
      "email e a senha da conta"
    ],
    "bloco2A": [
      "só copia e cola pra não errar",
      "só copia e cola pra não colocar errado",
      "copia e cola pra não errar",
      "copia e cola pra não colocar errado",
      "só copia aqui e cola lá pra não errar",
      "só copia aqui e cola lá pra não colocar errado",
      "copia aqui e cola lá pra não errar",
      "copia aqui e cola lá pra não colocar errado"
    ],
    "bloco3A": ["E-mail", "Email"]
  },
  "msg3": {
    "bloco1C": [
      "entra nesse link",
      "entra por esse link",
      "esse é o link",
      "o link é esse",
      "o link é esse aqui",
      "segue o link",
      "entra no link",
      "clica no link",
      "link",
      "só clicar no link"
    ],
    "bloco2C": [
      "entra na conta mas nao mexe em nada ainda",
      "entra na conta mas nao clica em nada ainda",
      "entra na conta mas nao aperta em nada ainda",
      "entra aí na conta mas nao mexe em nada ainda",
      "entra aí na conta mas nao clica em nada ainda",
      "entra aí na conta mas nao aperta em nada ainda",
      "entra aí mas nao mexe em nada ainda",
      "entra aí mas nao clica em nada ainda",
      "entra aí mas nao aperta em nada ainda",
      "entra aí na conta mas não muda nada ainda"
    ],
    "bloco3C": [
      "assim que conseguir acessar me manda um \"ENTREI\"",
      "assim que acessar me manda um \"ENTREI\"",
      "assim que conseguir acessar a conta me manda um \"ENTREI\"",
      "assim que acessar a conta me manda um \"ENTREI\"",
      "assim que entrar na conta me manda um \"ENTREI\"",
      "assim que logar na conta me manda um \"ENTREI\"",
      "assim q conseguir acessar me manda um \"ENTREI\"",
      "assim q acessar me manda um \"ENTREI\"",
      "assim q conseguir acessar a conta me manda um \"ENTREI\"",
      "assim q acessar a conta me manda um \"ENTREI\"",
      "assim q entrar na conta me manda um \"ENTREI\"",
      "assim q logar na conta me manda um \"ENTREI\""
    ]
  }
}
