{
  "msg": {
    "g1": [
      "to bem corrido aqui",
      "tô na correria aqui",
      "tô na correria agora",
      "tô bem corrido agora",
      "to sem muito tempo aqui",
      "tô sem muito tempo aqui",
      "tô sem muito tempo agora",
      "to sem tempo aqui",
      "tô sem tempo aqui",
      "tô sem tempo agora",
      "to na maior correria aqui",
      "tô na maior correria aqui",
      "tô na maior correria agora",
      "to na maior correria agora",
      "to meio sem tempo aqui",
      "tô meio sem tempo aqui",
      "tô meio sem tempo agora",
      "to meio corrido aqui"
    ],
    "g2": [
      "fazendo vários ao mesmo tempo",
      "fazendo vários trampos ao mesmo tempo",
      "fazendo vários trampo ao mesmo tempo",
      "fazendo vários trampos juntos",
      "fazendo vários trampo juntos",
      "fazendo vários trampos",
      "fazendo vários trampo",
      "fazendo muitos trampos ao mesmo tempo",
      "fazendo muitos trampo ao mesmo tempo",
      "fazendo muitos trampos juntos",
      "fazendo muitos trampo juntos",
      "fazendo muitos trampos",
      "fazendo muitos trampo",
      "fazendo muito trampo",
      "fazendo muito trampo ao mesmo tempo",
      "fazendo muito trampo juntos",
      "fazendo muito trampo agora"
    ],
    "g3": [
      "vou te mandando tudo o que você tem que fazer",
      "vou te mandando tudo que você tem que fazer",
      "vou te mandando tudo o que precisa fazer",
      "vou te mandando tudo que precisa fazer",
      "vou te mandando o que você tem que fazer",
      "vou te mandando o que precisa fazer",
      "vou te mandando o que você precisa fazer",
      "vou te mandando o que você tem que fazer",
      "vou ir te mandando tudo o que você tem que fazer",
      "vou ir te mandando tudo que você tem que fazer",
      "vou ir te mandando tudo o que precisa fazer",
      "vou ir te mandando tudo que precisa fazer",
      "vou ir te mandando o que você tem que fazer",
      "vou ir te mandando o que precisa fazer",
      "vou ir te mandando o que você precisa fazer",
      "vou ir te mandando o que você tem que fazer",
      "vou te falar tudo o que você tem que fazer",
      "vou te falar tudo que você tem que fazer",
      "vou te falar tudo o que precisa fazer",
      "vou te falar tudo que precisa fazer",
      "vou te falar o que você tem que fazer"
    ],
    "g4": [
      "e você só responde o que eu te perguntar",
      "e você só responde o que eu perguntar",
      "e você só responde o que eu te pedir",
      "e você só responde o que eu pedir",
      "e você só responde o que eu for perguntar",
      "e você só responde o que eu for pedir",
      "e você só responde o que eu te perguntar",
      "e você responde só o que eu te perguntar",
      "e você responde só o que eu perguntar",
      "e você responde só o que eu te pedir",
      "e você responde só o que eu pedir",
      "e você responde só o que eu for perguntar",
      "e você responde só o que eu for pedir",
      "e você só fala o que eu te perguntar",
      "e você só me fala o que eu perguntar",
      "e você só fala o que eu te pedir",
      "e você só me fala o que eu pedir",
      "e você só fala o que eu for perguntar",
      "e você só me fala o que eu for perguntar",
      "e você só fala o que eu for pedir",
      "e você só me fala o que eu for pedir"
    ],
    "g5": [
      "beleza?",
      "blz?",
      "tranquilo?",
      "demoro?",
      "dmr?",
      "certo?",
      "pode ser?",
      "entendeu?",
      "tlgd?"
    ]
  }
}
