{
    "msg1": {
        "msg1b1": [
            "ah",
            "entendi",
            "certo",
            "beleza",
            "calma",
            "calma aí",
            "espera aí",
            "blz",
            "demoro",
            "dmr",
            "ok",
            "fechou",
            "suave",
            "de boa",
            "tranquilo",
            "ah tá",
            "tá",
            "tá bom",
            "pera",
            "pera aí",
            "segura aí",
            "aguenta aí"
        ],
        "msg1b2": [
            "pediu validação",
            "caiu na validação",
            "pediu pra validar",
            "pediu a validação",
            "o saque caiu na validação",
            "tá pedindo validação",
            "tá pedindo pra validar",
            "tá pedindo pra validar o saque",
            "pediu validação do saque",
            "pediu pra validar o saque",
            "pediu pra validar a conta",
            "pediu validação de conta",
            "caiu na tela de validação",
            "caiu na etapa de validação",
            "parou na validação",
            "travou na validação",
            "foi pra validação",
            "tá na validação",
            "solicitou validação",
            "acionou validação",
            "entrou em verificação",
            "pediu verificação",
            "pediu pra verificar",
            "pediu verificação do saque"
        ],
        "msg1b3": [
            "pode confirmar ai na tela e vai clicando em PRÓXIMO",
            "confirma ai na tela e vai clicando em PRÓXIMO",
            "confirma ai e vai clicando em PRÓXIMO",
            "confirma ai e vai clicando no PRÓXIMO",
            "pode confirmar ai e vai clicando no PRÓXIMO",
            "confirma ai na tela e vai clicando no PRÓXIMO",
            "confirma ai e vai clicando em PRÓXIMO até o final",
            "confirma ai na tela e fica clicando no PRÓXIMO",
            "pode confirmar ai e fica clicando no PRÓXIMO",
            "depois confirma ai e vai clicando em PRÓXIMO",
            "pode confirmar ai e vai clicando em PRÓXIMO",
            "clica em PRÓXIMO e vai avançando ai",
            "vai clicando em PRÓXIMO e vai avançando ai",
            "vai clicando em PRÓXIMO e avançando ai",
            "só ir clicando em PRÓXIMO e avançando ai",
            "clica em PRÓXIMO e vai passando as telas",
            "vai clicando em PRÓXIMO até avançar tudo",
            "clica em PRÓXIMO até avançar tudo",
            "clica em PRÓXIMO e vai avançando aí"
        ]
    },
    "msg2": {
        "msg2b1": [
            "vou falar com a menina que trabalha la",
            "vou falar com a menina q trampa lá",
            "vou mandar mensagem pra menina q trampa lá",
            "vou avisar pra menina q trampa lá dentro",
            "vou chamar a menina que trabalha lá",
            "vou falar com a menina lá",
            "vou falar com a menina de lá",
            "vou falar com a menina lá dentro",
            "vou chamar a menina lá de dentro",
            "vou avisar a menina de lá",
            "vou avisar a menina lá dentro",
            "vou mandar msg pra menina de lá",
            "vou mandar msg pra menina lá dentro",
            "vou pedir pra menina olhar isso lá",
            "vou pedir pra menina ver isso lá",
            "vou pedir pra menina conferir lá",
            "vou pedir pra menina checar lá",
            "vou pedir pra menina resolver lá",
            "tô chamando a menina lá",
            "vou falar com a moça do suporte lá",
            "vou chamar a moça do suporte",
            "vou avisar o suporte lá",
            "vou acionar a menina de lá",
            "vou chamar a menina do suporte lá",
            "vou falar com a menina do atendimento lá",
            "vou falar com a menina da equipe lá",
            "vou falar com a menina responsável lá",
            "vou pedir pra menina liberar lá",
            "vou pedir pra menina agilizar lá",
            "vou pedir pra menina dar uma olhada lá",
            "vou pedir pra menina verificar isso lá",
            "vou encaminhar pra menina de lá",
            "vou passar isso pra menina lá"
        ],
        "msg2b2": [
            "tenho contato direto com ela e ela sabe como resolver",
            "tenho contato direto com ela e ela vai saber como faz",
            "tenho contato direto com ela e ela vai saber como resolve",
            "tenho o contato direto com ela e ela vai saber como resolve",
            "to com o contato direto com ela e ela vai saber resolver isso",
            "tenho contato direto com ela e ela resolve isso",
            "tenho contato direto com ela e ela sabe resolver",
            "tenho contato direto com ela e ela sabe o procedimento",
            "tenho contato direto com ela e ela sabe o passo a passo",
            "tenho contato direto com ela e ela destrava isso rápido",
            "tenho o contato direto dela e ela sabe como resolver",
            "tenho o número direto dela e ela resolve",
            "tenho acesso direto a ela e ela resolve pra gente",
            "tenho acesso direto com ela e ela vai resolver",
            "tenho canal direto com ela e ela resolve",
            "tô com contato direto com ela e ela sabe como faz",
            "to com contato direto com ela e ela resolve isso",
            "tô com o contato dela direto e ela sabe resolver",
            "to com o contato dela direto e ela resolve",
            "falo direto com ela e ela resolve",
            "falo direto com ela e ela sabe o caminho",
            "consigo falar direto com ela e ela resolve",
            "consigo acionar ela direto e ela resolve",
            "tenho linha direta com ela e ela sabe o que fazer",
            "tenho acesso direto com ela e ela agiliza isso",
            "tenho acesso direto a ela e ela adianta pra gente",
            "tenho contato lá dentro com ela e ela resolve rápido",
            "tenho contato lá com ela e ela desenrola isso",
            "falo com ela agora e ela resolve",
            "falo com ela já e ela resolve pra gente",
            "tenho canal com ela lá dentro e ela resolve",
            "tenho acesso com ela lá dentro e ela destrava"
        ],
        "msg2b3": [
            "em 5 min já resolvo",
            "em 5m já vou resolver",
            "5m e já resolvemos isso",
            "vamos resolver isso em 5m",
            "em 5 min eu resolvo",
            "em 5 min a gente resolve",
            "em 5 min já tá resolvido",
            "em 5m já tá resolvido",
            "em 5m eu resolvo",
            "em 5m a gente resolve",
            "em 5min eu resolvo",
            "em 5min já resolvo",
            "em 5 minutos eu resolvo",
            "em 5 minutos já resolvemos",
            "em 5min resolvemos isso",
            "em 5 minutos resolvemos isso",
            "5 min e eu resolvo",
            "5m e eu resolvo",
            "5 min e tá resolvido",
            "5m e tá resolvido",
            "me dá 5 min que eu resolvo",
            "me dá 5m que eu resolvo",
            "me dá 5 min e eu resolvo",
            "em 5 min já deixo resolvido",
            "em 5m já deixo resolvido"
        ],
        "msg2b4": [
            "me espera aí que já te chamo blz",
            "aguarda aí rapidinho q já chamo vc beleza",
            "espera um pouco aí q já te retorno beleza",
            "me espera aí q já te chamo beleza",
            "me espera aí q já te chamo tranquilo",
            "me espera aí q já te chamo dmr",
            "me espera aí q já te chamo demoro",
            "aguarda aí q já te chamo blz",
            "aguarda aí q já te chamo beleza",
            "aguarda aí q já te chamo tranquilo",
            "aguarda aí q já te chamo dmr",
            "aguarda aí q já te chamo demoro",
            "espera aí q já te chamo blz",
            "espera aí q já te chamo beleza",
            "espera aí q já te chamo tranquilo",
            "espera aí q já te chamo dmr",
            "espera aí q já te chamo demoro",
            "espera um pouco aí q já te chamo blz",
            "espera um pouco aí q já te chamo beleza",
            "espera um pouco aí q já te chamo tranquilo",
            "espera um pouco aí q já te chamo dmr",
            "espera um pouco aí q já te chamo demoro",
            "segura aí q já te chamo blz",
            "segura aí q já te chamo beleza",
            "segura aí q já te chamo tranquilo",
            "segura aí q já te chamo dmr",
            "segura aí q já te chamo demoro",
            "calma aí q já te chamo blz",
            "calma aí q já te chamo beleza",
            "calma aí q já te chamo tranquilo",
            "calma aí q já te chamo dmr",
            "calma aí q já te chamo demoro",
            "calma aí que já te mando mensagem blz",
            "calma aí que já te mando mensagem beleza",
            "calma aí que já te mando mensagem tranquilo",
            "calma aí que já te mando mensagem dmr",
            "calma aí que já te mando mensagem demoro",
            "já te dou uma resposta blz",
            "já te dou uma resposta beleza",
            "já te dou uma resposta tranquilo",
            "já te dou uma resposta dmr",
            "já te dou uma resposta demoro"
        ]
    }
}
