{
  "version": 1,
  "msg1": {
    "template": "{msg1b1}, {msg1b2}",
    "msg1b1": [
      "vamos continuar então",
      "então vamos continuar",
      "vamos seguir então",
      "então vamos seguir",
      "vamos em frente então",
      "então vamos em frente",
      "vamos prosseguir então",
      "então vamos prosseguir",
      "então vamos adiante",
      "podemos continuar então",
      "vamo nessa então",
      "então vamos nessa",
      "então vamo nessa",
      "bora continuar então",
      "bora seguir então",
      "então bora continuar",
      "então bora seguir",
      "podemos seguir então"
    ],
    "msg1b2": [
      "vou voltar de onde parei",
      "vou continuar de onde parei",
      "vou seguir de onde parei",
      "vou continuar do ponto que parei",
      "vou voltar de onde a gente parou",
      "vou retomar de onde a gente parou",
      "vou continuar de onde a gente parou",
      "vou seguir de onde a gente parou",
      "vou retomar de onde paramos",
      "vou continuar de onde paramos",
      "vou voltar de onde paramos",
      "vou retomar do ponto que paramos",
      "vou continuar do ponto que paramos",
      "vou dar sequência de onde parei",
      "vamos seguir de onde parei",
      "vamos seguir de onde paramos",
      "vou seguir do ponto que parei",
      "vou voltar do ponto que parei",
      "vou seguir do ponto que paramos",
      "vou dar sequência de onde paramos",
      "vamos continuar de onde paramos",
      "vamos retomar de onde paramos",
      "vamos dar sequência de onde paramos",
      "vamos retomar de onde a gente parou",
      "vamos continuar de onde a gente parou"
    ]
  },
  "msg2": {
    "template": "{msg2b1}, {msg2b2}. {msg2b3}",
    "msg2b1": [
      "vou tentar continuar só mais essa vez",
      "vou tentar continuar só mais uma vez",
      "vou tentar só mais essa vez",
      "vou tentar só mais uma vez",
      "vou tentar continuar mais essa",
      "vou tentar continuar só essa última",
      "vou tentar seguir só mais essa vez",
      "vou insistir só mais essa vez",
      "vou tentar só essa última",
      "vou tentar só mais essa e pronto",
      "vou tentar mais uma vez",
      "vou tentar continuar só mais essa",
      "vou tentar continuar só mais uma",
      "vou tentar continuar mais uma vez",
      "vou tentar seguir só mais uma vez",
      "vou tentar seguir mais uma vez",
      "vou insistir só mais uma vez",
      "vou tentar só mais essa última vez",
      "vou tentar continuar só essa última vez",
      "vou tentar seguir só essa última vez"
    ],
    "msg2b2": [
      "não posso ficar perdendo tempo aqui",
      "n vou ficar perdendo tempo aqui",
      "não vou ficar perdendo tempo aqui",
      "n posso ficar perdendo tempo aqui",
      "não dá pra ficar perdendo tempo aqui",
      "não posso perder tempo aqui",
      "não vou perder tempo aqui",
      "n vou perder tempo aqui",
      "não posso ficar aqui perdendo tempo",
      "não vou ficar aqui perdendo tempo",
      "não vou ficar gastando tempo aqui",
      "n vou ficar gastando tempo aqui",
      "não vou ficar batendo cabeça aqui",
      "n vou ficar batendo cabeça aqui",
      "não posso perder tempo com isso",
      "não dá pra perder tempo com isso",
      "n dá pra perder tempo com isso",
      "não vou ficar insistindo nisso",
      "n vou ficar insistindo nisso",
      "não vou ficar insistindo aqui",
      "não posso perder mais tempo aqui",
      "não vou perder mais tempo aqui",
      "já perdi tempo demais aqui",
      "não compensa ficar perdendo tempo aqui",
      "não vou ficar nessa enrolação aqui",
      "n vou ficar nessa enrolação aqui",
      "não vou ficar perdendo meu tempo aqui",
      "n vou ficar perdendo meu tempo aqui"
    ],
    "msg2b3": [
      "continuar de onde parei",
      "vou voltar da onde parei",
      "vou continuar de onde parei",
      "vou seguir de onde parei",
      "vou voltar de onde parei",
      "voltar de onde parei",
      "retomar de onde parei",
      "seguir de onde parei",
      "continuar do ponto que parei",
      "vou continuar do ponto que parei",
      "vou retomar do ponto que parei",
      "vou voltar do ponto que parei",
      "voltar do ponto que parei",
      "retomar do ponto que parei",
      "seguir do ponto que parei",
      "vou continuar da onde parei",
      "vou retomar da onde parei",
      "vou seguir da onde parei",
      "voltar da onde parei"
    ]
  }
}
