{
  "msg1": {
    "msg1b1": [
      "voltei",
      "to de volta",
      "opa",
      "eai",
      "eae",
      "e ae",
      "voltei aqui",
      "voltei já",
      "de volta aqui",
      "tô de volta",
      "tô de volta aqui",
      "cheguei",
      "e aí",
      "fala aí",
      "já voltei",
      "de volta",
      "retornei",
      "retornei aqui",
      "opa voltei",
      "opa to de volta",
      "opa tô de volta",
      "pronto"
    ],
    "msg1b2": [
      "tive uma resposta aqui",
      "já tive uma resposta",
      "acabei de ter uma resposta aqui",
      "recebi uma resposta",
      "acabei de receber uma resposta",
      "já recebi uma resposta",
      "me responderam aqui",
      "responderam aqui agora",
      "já veio resposta",
      "tive um retorno",
      "já tive um retorno",
      "acabei de ter um retorno",
      "recebi um retorno",
      "acabei de receber um retorno",
      "já recebi um retorno",
      "me deram uma resposta agora",
      "me deram retorno agora",
      "me responderam agora",
      "responderam agora",
      "me mandaram uma resposta agora",
      "me mandaram retorno agora",
      "me passaram uma resposta agora",
      "me passaram um retorno agora"
    ]
  },
  "msg2": {
    "images": [
      "https://images2.imgbox.com/b6/bf/GC6mll55_o.jpg",
      "https://placehold.co/600x400/EEE/31343C",
      "https://placehold.co/800@2x.png"
    ]
  },
  "msg3": {
    "msg3b1": [
      "ela mandou isso aí",
      "ela me mandou isso aí",
      "ela mandou isso",
      "ela me respondeu isso",
      "ela me respondeu assim",
      "me responderam isso",
      "ela me mandou isso",
      "ela respondeu isso",
      "ela respondeu assim",
      "ela mandou assim",
      "ela me mandou assim",
      "me responderam assim",
      "me mandaram isso",
      "me mandaram assim",
      "me passaram isso",
      "a resposta dela foi essa",
      "a mensagem dela foi essa",
      "ela disse isso",
      "ela falou isso",
      "essa foi a resposta deles",
      "essa foi a resposta que me deram",
      "essa foi a resposta que eles mandaram",
      "essa foi a mensagem deles",
      "me disseram isso",
      "me disseram assim",
      "falaram isso aí",
      "falaram isso",
      "falaram assim",
      "disseram isso",
      "foi isso que falaram",
      "foi isso que me disseram",
      "foi isso que me falaram",
      "essa foi a resposta que veio"
    ],
    "msg3b2": [
      "é porque a plataforma é gringa",
      "é porque essa plataforma é gringa",
      "é porque essa plataforma não é brasileira",
      "é pq essa plataforma não é brasileira",
      "dá isso pq essa plataforma é estrangeira",
      "dá isso aí pq essa plataforma é estrangeira",
      "é pq a plataforma é gringa",
      "é pq essa plataforma é gringa",
      "é que a plataforma é gringa",
      "é que essa plataforma é gringa",
      "é pq a plataforma não é daqui do brasil",
      "é porque essa plataforma não é daqui do brasil",
      "é pq a plataforma é internacional",
      "é porque é plataforma internacional",
      "é porque o site é gringo",
      "é pq o site é gringo",
      "é pq esse site não é brasileiro",
      "é porque o site não é brasileiro",
      "é pq o site não é BR",
      "isso é pq a plataforma é gringa",
      "isso acontece pq a plataforma é gringa",
      "dá isso pq a plataforma é de fora",
      "dá isso pq o site é estrangeiro",
      "acontece isso porque a plataforma é gringa",
      "acontece isso pq a plataforma é gringa",
      "acontece isso porque esse site é gringo",
      "acontece isso pq o site não é brasileiro",
      "pedem isso porque a plataforma não é daqui do brasil",
      "pedem isso pq a plataforma não é daqui do brasil",
      "pedem isso pq é plataforma internacional",
      "pedem isso pq o site não é BR",
      "eles pedem isso porque a plataforma é estrangeira",
      "estão pedindo isso porque a plataforma é gringa",
      "estão pedindo isso pq a plataforma é gringa",
      "tão pedindo isso porque o site é gringo",
      "tão pedindo isso pq o site é internacional"
    ],
    "msg3b3": [
      "essa validação é por causa da transferencia internacional",
      "a validação é por conta de ser transferencia internacional",
      "a validação é porque a transferencia é internacional",
      "isso de validação é por causa da transferencia internacional",
      "essa parte da validação é por causa da transferencia internacional",
      "essa validação é porque eles trabalham com dólar",
      "essa validação é pq eles trabalham com dolar",
      "essa validação é pq eles cobram em dólar",
      "a validação é pq eles cobram em dolar",
      "isso de validação é pq eles convertem em dólar",
      "isso de validação é pq eles convertem em dolar",
      "essa validação é pq o valor é em dólar",
      "essa validação é pq a moeda é estrangeira",
      "a validação é por causa de moeda estrangeira"
    ]
  },
  "msg4": {
    "msg4b1": [
      "pior que nao tem muito o que fazer",
      "pior que não tem muito oq fazer nesse caso",
      "pior q não tem mt o que fazer quando dá isso",
      "o ruim é que não tem oq fazer quando acontece isso",
      "não tem muito o que fazer quando dá isso",
      "pior que não tem mt oq fazer",
      "pior q n tem mt oq fazer",
      "pior que n dá pra fazer muita coisa",
      "pior que não dá pra fazer muita coisa",
      "pior que agora n tem mt oq fazer",
      "o ruim é que n tem mt oq fazer",
      "o ruim é que nesse caso n tem oq fazer",
      "o ruim é que quando cai nisso n tem oq fazer",
      "não tem mt oq fazer nesse caso",
      "n tem mt oq fazer quando acontece isso",
      "n tem mt oq fazer quando dá esse erro",
      "nesse caso não tem muito o que fazer",
      "nesse caso n tem mt oq fazer",
      "quando dá isso n tem mt oq fazer",
      "quando acontece isso n tem mt oq fazer",
      "quando cai nisso não tem muito o que fazer",
      "por enquanto n tem mt oq fazer",
      "infelizmente n tem mt oq fazer"
    ],
    "msg4b2": [
      "é a única forma de sacar dinheiro de lá pro brasil",
      "é o único jeito de sacar dinheiro de lá em reais",
      "ainda não descobri outro jeito de sacar dinheiro de lá pro brasil",
      "é a única forma de sacar de lá pra cá em reais",
      "por enquanto é o único jeito de sacar de lá pro brasil",
      "por enquanto é a única forma de sacar em reais",
      "ainda não temos outro jeito de sacar em reais",
      "ainda não tem outro caminho pra sacar de lá",
      "o jeito de sacar de lá é só esse",
      "pra trazer pra cá em reais é só assim",
      "só dá pra sacar de lá desse jeito",
      "só dá pra trazer o dinheiro em reais assim",
      "por enquanto é a única forma de sacar no PIX",
      "é a única forma de sacar via PIX",
      "é o único jeito de sacar no PIX de lá pra cá",
      "é a única forma de sacar no PIX em reais",
      "ainda não tem outro jeito de sacar no PIX",
      "o jeito de sacar no PIX é só esse",
      "pra sacar no PIX é só assim por enquanto"
    ],
    "msg4b3": [
      "pelo menos nao pede documento nem nada",
      "pelo menos nao pedem documento nem nada",
      "pelo menos nao pedem documento nem nada disso",
      "ainda bem q não pediram documento",
      "ainda bem que não pediram nenhum documento",
      "demos sorte q não pediram nenhum documento",
      "pelo menos não pedem documento",
      "pelo menos não pediram documento",
      "pelo menos não pediram nenhum documento",
      "pelo menos agora não pedem documento",
      "pelo menos agora não estão pedindo documento",
      "pelo menos não precisa de documento",
      "pelo menos nao precisa mandar documento",
      "pelo menos não tão pedindo documento",
      "pelo menos não pediram nada de documento",
      "ainda bem q não pedem documento",
      "ainda bem que não pedem documento",
      "ainda bem que não precisou de documento",
      "ainda bem q não precisou mandar documento",
      "demos sorte que não pedem documento",
      "demos sorte q não pedem documento",
      "demos sorte que não precisou de documento"
    ],
    "msg4b4": [
      "é só a taxa de 3 dólares mesmo",
      "é só essa taxa de 3 dólares mesmo",
      "só pediram a taxa de 3 dólares mesmo",
      "só pediram essa taxa de 3 dólares aí mesmo",
      "é só essa taxa de 3 dólares",
      "só essa taxa de 3 dólares mesmo",
      "só a taxa de 3 dólares mesmo",
      "só essa taxa de 3 dólares aí",
      "só a taxa de 3 dólares aí",
      "é só a taxa de 3 dólares que pedem",
      "é só essa taxa de 3 dólares que pedem",
      "só pediram a taxa de 3 dólares",
      "só pediram essa taxa de 3 dólares",
      "só pediram essa taxa de 3 dólares aí",
      "só cobraram a taxa de 3 dólares",
      "só cobraram essa taxa de 3 dólares",
      "só cobraram essa taxa de 3 dólares aí",
      "aqui é só a taxa de 3 dólares mesmo",
      "aqui é só essa taxa de 3 dólares mesmo",
      "só tem a taxa de 3 dólares",
      "só tem essa taxa de 3 dólares",
      "o que pediram foi só a taxa de 3 dólares",
      "só a taxa de 3 dólares que cobram",
      "só pedem a taxa de 3 dólares mesmo",
      "vão cobrar só a taxa de 3 dólares",
      "vão pedir só a taxa de 3 dólares",
      "no fim é só a taxa de 3 dólares",
      "por enquanto é só a taxa de 3 dólares",
      "é só a taxa de 3 dólares no final",
      "só essa taxa de 3 dólares só isso"
    ],
    "msg4b5": [
      "essa conversão que mata kkkk",
      "essa conversão que é complicada",
      "a conversão que complica",
      "a conversão que é chata",
      "essa conversão que pesa",
      "essa conversão que pega",
      "essa conversão que atrapalha",
      "o câmbio que mata kkkk",
      "o câmbio que complica",
      "o câmbio que pesa",
      "o dólar que mata kkk",
      "o dólar que complica",
      "na hora do dólar que complica",
      "quando converte pro dólar que complica",
      "é a cotação do dólar que pega",
      "a taxa de câmbio que pesa",
      "a taxa de câmbio que complica",
      "a cotação que mata kkkk",
      "a cotação que complica",
      "a cotação que pesa",
      "o problema é a conversão",
      "o problema é o câmbio",
      "o problema é a cotação"
    ],
    "msg4b6": [
      "3 dólares ja da 17 conto 🤦🏽",
      "3 dólares já dá 17 reais 🤦🏽🤦🏽",
      "3 dólares já fica 17 reais 🤦🏽🤦🏽🤦🏽",
      "3 dólares já vira 17 conto 🤦🏽",
      "3 dólares já vira 17 reais 🤦🏽",
      "3 dólares já vai pra 17 reais 🤦🏽",
      "3 dólares já vai pra 17 conto 🤦🏽",
      "3 dólares já fica em 17 reais 🤦🏽",
      "3 dólares bate 17 reais 🤦🏽",
      "3 dólares é 17 reais 🤦🏽",
      "3 dólares dá 17 reais 🤦🏽",
      "3 dólares sai 17 reais 🤦🏽",
      "3 dólares convertendo dá 17 reais 🤦🏽",
      "3 dólares na conversão vira 17 reais 🤦🏽",
      "3 USD já dá 17 reais 🤦🏽",
      "3 USD dá 17 conto 🤦🏽",
      "US$ 3 já dá 17 reais 🤦🏽",
      "US$ 3 dá 17 conto 🤦🏽",
      "3 dólar já dá 17 reais 🤦🏽",
      "3 dólar já vira 17 conto 🤦🏽",
      "só 3 dólares e já vira 17 reais 🤦🏽",
      "só 3 dólares e já vai pra 17 reais 🤦🏽",
      "3 dólares já é 17 real 🤦🏽",
      "3 dólares já vira 17 pila 🤦🏽"
    ],
    "msg4b7": [
      "ainda bem que nao é 10 dólar kkkk",
      "pelo menos não é 10 dólar kkkkkk",
      "imagina se fosse 10 dólares kkkkkkkk",
      "ainda bem que não é 10 dólares kkk",
      "ainda bem que não são 10 dólares kkkkk",
      "pelo menos não é 10 dólares kkkk",
      "imagina se fosse 10 dólar kkkkk",
      "já pensou se fosse 10 dólares kkkkkk",
      "se fosse 10 dólar aí complicava kkkk",
      "10 dólar ia ser osso kkkk",
      "ainda bem que não bateu 10 dólar kkk",
      "ainda bem que não chegou em 10 dólares kkkkk",
      "ainda bem que não fechou em 10 dólar kkkk",
      "pelo menos não é 10 dólar kkkkk",
      "pelo menos não cobram 10 dólares kkk",
      "a sorte é que não é 10 dólares kkkk",
      "se fosse 10 dólares ia doer kkkkk",
      "imagina 10 dólares toda vez kkkkk",
      "imagina 10 dólar toda hora kkkkk",
      "menos mal que não é 10 dólares kkkk",
      "bom que não é 10 dólares kkk",
      "não sendo 10 dólares já ajuda kkkk",
      "só de não ser 10 dólares já tá bom kkkk",
      "pelo menos não é 10 dólares por saque kkkk",
      "ainda bem que é só 3 e não 10 kkkk",
      "melhor 3 dólares do que 10 kkkkk"
    ]
  },
  "msg5": {
    "msg5b1": [
      "nem preciso falar isso",
      "acho que nem preciso te falar isso",
      "acho q n preciso nem te falar isso",
      "acho que nem tem necessidade de falar isso pra você",
      "eu acho que nem preciso te falar isso",
      "nem precisava falar isso",
      "nem precisava dizer",
      "nem precisa eu falar isso",
      "acho que nem preciso dizer",
      "acho q nem preciso dizer",
      "acho que nem preciso falar",
      "acho q n preciso falar",
      "acho que não preciso nem comentar",
      "nem preciso comentar",
      "isso nem precisava falar",
      "isso nem precisava dizer",
      "nem tem necessidade de falar isso",
      "nem tem pq falar isso",
      "nem tem pq comentar isso",
      "acho que nem tem pq falar isso",
      "acho q nem tem pq falar isso",
      "acho que nem vale falar isso",
      "acho q nem vale falar isso",
      "acho que nem preciso falar nada",
      "acho q n preciso falar nada",
      "nem precisava falar nada",
      "nem precisava comentar",
      "nem precisava comentar isso",
      "acho q isso nem precisa falar"
    ],
    "msg5b2": [
      "mas você não acha que eu ia te dar um golpe de 17 reais né",
      "mas vc não acha que eu ia te dar um golpe de 17 reais né",
      "mas você não acha que eu ia te dar golpe por 17 reais né",
      "mas vc n acha q eu ia te dar golpe por 17 reais né",
      "mas você não acha que eu ia te dar calote de 17 reais né",
      "mas vc não acha que eu ia te dar calote por 17 reais né",
      "mas você n acha q eu ia te passar a perna por 17 reais né",
      "mas vc n acha q eu ia te passar a perna por 17 reais né",
      "mas você não acha que eu ia te enganar por 17 reais né",
      "mas vc não acha que eu ia te enganar por 17 reais né",
      "mas você não acha que eu ia te dar golpe por R$ 17 né",
      "mas vc não acha que eu ia te dar golpe por R$ 17 né",
      "mas você não acha que eu ia te dar golpe de 17 conto né",
      "mas vc não acha que eu ia te dar golpe de 17 conto né",
      "você não acha que eu ia te dar golpe por 17 real né",
      "mas você não acha que eu ia te dar golpe por uma mixaria de 17 reais né",
      "você não acha que eu ia te dar golpe por 17 reais né",
      "você não acha que eu ia te dar golpe por 17 reais né não",
      "mas vc não acha que eu ia te dar golpe por tão pouco né"
    ]
  },
  "msg6": {
    "msg6b1": [
      "e nao esquece",
      "e lembra",
      "e não esquece",
      "lembra",
      "não esquece",
      "n esquece",
      "e lembra disso",
      "e lembra disso aí",
      "e não esquece disso",
      "e não esquece disso aí",
      "e n esquece disso",
      "lembra disso",
      "lembra disso aí",
      "não esquece disso",
      "n esquece disso",
      "não vai esquecer",
      "n vai esquecer",
      "e não vai esquecer",
      "e n vai esquecer",
      "só lembra",
      "só não esquece",
      "só n esquece"
    ],
    "msg6b2": [
      "ela disse na mensagem que tem que validar pela mesma conta que voce vai receber o pix",
      "ela falou lá que precisa validar com a mesma conta q vai receber o saque",
      "ela disse na msg que tem que validar pela mesma conta que vai receber o pix",
      "ela falou que precisa validar com a mesma conta que vai receber o pix",
      "ela falou na mensagem pra validar na mesma conta que vai cair o pix",
      "ela mandou validar pela mesma conta que vai receber",
      "ela falou que é pra validar na mesma conta do recebimento",
      "ela disse que tem que validar na conta que vai cair o saque",
      "ela pediu pra validar com a mesma conta que vai receber",
      "ela disse que tem que ser a mesma conta que vai receber",
      "ela falou que a validação tem que ser na mesma conta que entra o pix",
      "ela falou que a validação é na mesma conta do saque",
      "ela falou lá que é a mesma conta que recebe o pix",
      "ela avisou que tem que validar na mesma conta que recebe",
      "ela disse na msg pra validar com a mesma conta que recebe o saque",
      "ela disse que tem que validar pela mesma conta que vai cair o pix",
      "ela falou que precisa ser a mesma conta que vai receber",
      "ela disse que tem que validar com a mesma conta que vc vai receber",
      "ela falou lá que tem que validar na mesma conta onde vai cair o pix",
      "ela disse que a validação é pela mesma conta que recebe o pix",
      "ela falou que a validação é feita na mesma conta que recebe",
      "ela confirmou que é pra validar na mesma conta que vai receber",
      "ela explicou que tem que validar pela mesma conta do saque"
    ],
    "msg6b3": [
      "se nao n vai da certo",
      "se nao n vai dar certo",
      "ou se nao n vai da certo",
      "se não dá ruim",
      "se não dá errado",
      "se não n vai validar",
      "se não n vai dar certo",
      "se nao vai dar ruim",
      "se nao da ruim",
      "se não vai dar ruim",
      "se nao da errado",
      "se nao n valida",
      "se não n valida mesmo",
      "se nao n aprova",
      "se não n aprova",
      "se nao n libera",
      "se não n libera o saque",
      "se não dá erro",
      "ou se não n vai validar",
      "se não fizer assim n valida",
      "se não fizer assim n vai aprovar",
      "se não for assim n vai dar certo",
      "se fizer diferente n vai dar certo"
    ]
  },
  "msg7": {
    "msg7b1": [
      "pior que nao da pra eu te mandar o da taxa",
      "pior que não consigo te mandar o valor da taxa",
      "eu não consigo te mandar o valor da taxa",
      "não consigo te mandar o valor dessa taxa",
      "pior que não dá pra te mandar o valor dessa taxa",
      "pior que não dá pra eu te passar o valor da taxa",
      "pior que não tem como te mandar o valor da taxa",
      "pior que nao tem como te mandar o da taxa agora",
      "não tem como eu te mandar o valor da taxa",
      "não tem como te mandar o valor dessa taxa",
      "não dá pra te mandar o valor dessa taxa",
      "não dá pra eu te mandar esse valor da taxa",
      "não consigo te passar o valor da taxa",
      "não consigo te passar o valor dessa taxa",
      "não consigo te enviar o valor da taxa",
      "não consigo te enviar o valor dessa taxa",
      "não consigo te mandar esse valor da taxa",
      "agora não consigo te mandar o valor da taxa",
      "agora não tem como te mandar o valor da taxa",
      "no momento não consigo te mandar o valor da taxa",
      "no momento não tem como te mandar o valor da taxa",
      "não tenho como te mandar o valor da taxa"
    ],
    "msg7b2": [
      "pq se nao eu vou ter vinculo com sua conta",
      "eu não posso ter vinculo com sua conta",
      "n posso ter nenhuma ligação com sua conta",
      "não posso ter ligação com essa conta sua",
      "pq se não dá vínculo com sua conta",
      "pq se não fica vínculo com sua conta",
      "pq se eu fizer isso vou ter vínculo com sua conta",
      "pq se não aparece ligação minha com sua conta",
      "não posso ficar vinculado à sua conta",
      "não posso ficar ligado à sua conta",
      "não posso aparecer ligado à sua conta",
      "não posso aparecer como vínculo na sua conta",
      "não posso deixar qualquer vínculo com sua conta",
      "n posso criar vínculo com sua conta",
      "n posso ter nenhum vínculo com sua conta",
      "n posso ter vínculo com essa conta sua",
      "n posso ter relação com sua conta",
      "n posso ter conexão com sua conta",
      "n posso ter associação com sua conta",
      "pra não gerar vínculo com sua conta",
      "pra não gerar ligação com sua conta",
      "pra não ficar nenhum vínculo com sua conta",
      "pra não ficar ligação com sua conta",
      "pra não constar nada meu na sua conta"
    ],
    "msg7b3": [
      "e é por isso to precisando de 🍊 ne kkkkkk",
      "aliás é por isso to precisando de lara né kkkk",
      "por isso que tô atrás de lara kkkkkk",
      "por esse motivo que to precisando de laras kkkkkk",
      "é por isso que to atrás de 🍊 kkkkk",
      "no fim é por isso que to atrás de lara kkkk",
      "por esse motivo tô atrás de lara kkkkk",
      "é por isso que to caçando um lara kkk",
      "por isso que eu to procurando 🍊 kkkkk",
      "é por isso que eu to pedindo um lara né kkkk",
      "por isso tô precisando de um 🍊 né kkkk",
      "no fim das contas é por isso que quero um lara kkk",
      "e resumindo é por isso que to atrás de lara kkkk",
      "é por isso que to correndo atrás de lara kkkk",
      "por isso eu falei que precisava de 🍊 kkk",
      "exatamente por isso que eu to pedindo lara kkk",
      "bem por isso que to atrás de um lara kkkk",
      "por esse motivo que eu quero um 🍊 kkk",
      "por isso mesmo que to na busca de lara kkkkk",
      "por esse motivo to chamando lara né kkkkk"
    ],
    "msg7b4": [
      "quando você for mandar minha parte",
      "quando for mandar minha parte",
      "e quando vc for mandar a minha parte",
      "quando vc for repassar minha parte",
      "quando vc for me mandar o meu dinheiro",
      "quando for me mandar minha parte",
      "quando vc for transferir minha parte",
      "quando for transferir minha parte",
      "quando vc for depositar minha parte",
      "quando for depositar minha parte",
      "quando vc for me enviar minha parte",
      "quando for me enviar minha parte",
      "quando for me passar minha parte",
      "quando vc for me passar minha parte",
      "quando vc for me mandar o dinheiro",
      "quando for me mandar o dinheiro",
      "quando vc for me mandar o valor",
      "quando for me mandar o valor",
      "e quando for me mandar minha parte",
      "e quando vc for repassar o meu"
    ],
    "msg7b5": [
      "eu te passo o copia e cola da minha carteira cripto",
      "eu te mando o endereço da minha carteira cripto",
      "eu te passo o copia e cola da minha carteira de criptomoeda",
      "eu te mando o endereço da minha carteira de criptomoeda",
      "eu te passo o copia e cola da minha carteira de bitcoin",
      "eu te mando o endereço da minha carteira de bitcoin",
      "eu te envio o endereço da minha carteira cripto",
      "eu te mando o copia e cola da minha carteira cripto",
      "eu te passo o endereço da minha carteira de bitcoin",
      "eu te passo o endereço da minha carteira de criptomoeda",
      "eu te mando o endereço da minha carteira btc",
      "eu te passo o copia e cola da minha carteira btc",
      "eu te mando o qr code da minha carteira cripto",
      "eu te envio o qr code da minha carteira de criptomoeda",
      "eu te mando a chave da minha carteira cripto",
      "eu te passo a chave da minha carteira de bitcoin",
      "eu te passo o endereço pra depósito na minha carteira de criptomoeda",
      "eu te mando o endereço pra você enviar pra minha carteira de criptomoeda"
    ]
  },
  "msg8": {
    "msg8b1": [
      "to ligado que as vezes a quantia tá em falta",
      "sei que as vezes esse dinheiro tá em falta",
      "sei q as vezes o dinheiro tá em falta",
      "eu sei q as vezes pode estar em falta essa quantia",
      "tô ligado que as vezes o valor tá em falta",
      "to ligado que as vezes o valor pode estar em falta",
      "sei que as vezes o valor tá em falta",
      "sei q as vezes esse valor tá em falta",
      "sei q as vezes pode faltar esse valor",
      "eu sei q as vezes falta esse dinheiro",
      "as vezes o dinheiro tá em falta",
      "as vezes essa quantia tá em falta",
      "as vezes não tem esse valor",
      "pode estar em falta esse valor",
      "pode estar em falta esse dinheiro",
      "pode faltar essa quantia as vezes",
      "sei q as vezes não tem no momento"
    ],
    "msg8b2": [
      "mas se for o caso, nao deixa de sacar por causa disso",
      "se for o caso, não deixa de sacar por causa disso",
      "se for isso, não deixa de sacar de jeito nenhum",
      "caso for isso, faz um esforço aí pra poder sacar",
      "se for o caso, não deixa de sacar por conta disso",
      "mas se for o caso, n deixa de sacar por causa disso",
      "se for isso, n deixa de sacar",
      "se for isso, n deixa de fazer o saque",
      "se for isso, não perde o saque por causa disso",
      "se for isso, saca mesmo assim",
      "se for isso, saca do mesmo jeito",
      "se for isso, saca assim mesmo",
      "se for o caso, faz um esforço e saca",
      "se rolar isso, não deixa de sacar",
      "caso seja isso, não deixa de sacar",
      "caso seja isso, não deixa de sacar por causa disso",
      "caso seja isso, saca mesmo assim",
      "caso seja isso, tenta sacar mesmo assim",
      "caso seja isso, faz um esforço aí e saca",
      "caso seja isso, faz o saque do mesmo jeito",
      "se for o caso, n deixa de sacar por conta disso",
      "se for isso, n deixa de sacar por conta disso"
    ],
    "msg8b3": [
      "nem que pegue emprestado ai rapidinho",
      "pega emprestado aí rapidinho",
      "tenta pegar emprestado com alguém rapidinho",
      "pede emprestado aí rapidinho",
      "pede um pix emprestado aí rapidinho",
      "tenta pedir emprestado aí rapidinho",
      "vê se consegue emprestado aí rapidinho",
      "vê se alguém te empresta rapidinho",
      "pede emprestado pra um amigo rapidinho",
      "pede emprestado pra alguém rapidinho",
      "pede um pix emprestado pra alguém tlgd",
      "pede um pix emprestado pra um amigo rapidinho",
      "pede um pix emprestado só pra resolver",
      "tenta um pix emprestado com alguém tlgd",
      "tenta ver um pix emprestado com alguém",
      "tenta pegar um pouco emprestado aí",
      "pede emprestado só pra cobrir agora",
      "pede um pix emprestado só pra garantir",
      "vê se alguém consegue te emprestar agora",
      "vê se tem alguém pra te emprestar agora",
      "pede um pix emprestado pra fechar isso rapidinho"
    ],
    "msg8b4": [
      "depois vc devolve o dobro, o triplo pra pessoa",
      "e depois vc devolve até o dobro pra pessoa",
      "depois q sacar vc devolve até a mais pra pessoa",
      "depois vc devolve o dobro pra pessoa",
      "depois vc devolve o triplo pra pessoa",
      "depois vc devolve em dobro pra pessoa",
      "depois vc devolve em triplo pra pessoa",
      "depois vc devolve o valor em dobro",
      "depois vc devolve o valor em triplo",
      "depois q sacar vc devolve o dobro",
      "depois q sacar vc devolve o triplo",
      "depois q cair vc devolve o dobro",
      "depois q cair vc devolve até a mais",
      "depois vc paga em dobro pra pessoa",
      "depois vc paga até o triplo pra pessoa",
      "depois vc manda de volta o dobro",
      "depois vc manda de volta o triplo",
      "depois vc devolve até mais do que pegou",
      "depois vc devolve com um extra pra pessoa",
      "depois vc devolve o dobro, se precisar o triplo",
      "depois vc devolve o dobro certinho pra ela",
      "depois vc devolve até o triplo se for o caso"
    ]
  },
  "msg9": {
    "msg9b1": [
      "vai por mim que o trampo é certo",
      "confia em mim que o trampo é certo",
      "confia que o trampo é garantido",
      "pode confiar q o trampo é certo",
      "vai por mim q o trampo é certo",
      "vai por mim q é garantido",
      "vai por mim q é sem erro",
      "vai na minha que o trampo é certo",
      "vai na minha que é garantido",
      "pode ir na minha que o trampo é certo",
      "pode ir na minha que é garantido",
      "pode confiar que é garantido",
      "pode confiar q é garantido",
      "pode confiar que é sem erro",
      "pode confiar q é sem erro",
      "confia que é certo",
      "confia q é certo",
      "confia em mim que é garantido",
      "confia q esse trampo é certo",
      "pode confiar que esse trampo é certo",
      "vai na minha que esse trampo é certo",
      "relaxa que o trampo é certo",
      "fica tranquilo que o trampo é certo",
      "fica de boa que o trampo é garantido"
    ],
    "msg9b2": [
      "nao perde por causa de coisa pouca",
      "não perde a oportunidade por causa de pouca coisa",
      "n perde essa oportunidade por causa de 17 reais",
      "não perde por causa de 17 reais",
      "não perde por 17 reais",
      "não perde por 17 conto",
      "não perde isso por tão pouco",
      "não perde por tão pouco assim",
      "não perde essa oportunidade por 17 reais",
      "não perde a oportunidade por 17 reais",
      "n perde a oportunidade por 17 reais",
      "não vai perder por 17 reais",
      "n vai perder por 17 reais",
      "não vai perder isso por tão pouco",
      "não vai perder essa por 17 reais",
      "não deixa passar por causa de 17 reais",
      "n deixa passar por 17 reais",
      "não deixa essa chance passar por 17 reais",
      "não deixa essa oportunidade passar por 17 reais",
      "não deixa de fazer por 17 reais",
      "não vai deixar de fazer por 17 reais",
      "não vai deixar de sacar por 17 reais",
      "não deixa de sacar por tão pouco",
      "não perde por pouca coisa",
      "não perde por causa de pouca coisa",
      "não perde por conta de 17 reais",
      "não perde por causa de R$ 17"
    ],
    "msg9b3": [
      "voce pode ficar com 2500 pelo imprevisto dmr",
      "pode ficar com 2 mil e 500 pelo imprevisto beleza",
      "fica com 2500 pelo imprevisto pode ser",
      "pode ficar com 2500 pelo imprevisto tranquilo",
      "pode ficar com 2500 pelo imprevisto blz",
      "pode ficar com 2.500 pelo imprevisto beleza",
      "pode ficar com dois mil e quinhentos pelo imprevisto",
      "fica com 2.500 pelo imprevisto dmr",
      "fica com dois mil e quinhentos pelo imprevisto",
      "te deixo com 2500 pelo imprevisto",
      "te deixo com 2.500 pelo imprevisto beleza",
      "vou te deixar com 2500 pelo imprevisto",
      "vou te deixar com 2.500 pelo imprevisto tranquilo",
      "fica com 2500 por conta do imprevisto",
      "pode ficar com 2500 por conta desse imprevisto",
      "pode ficar com 2500 por causa do imprevisto",
      "pode ficar com 2500 aí por causa do imprevisto",
      "pode ficar com 2 mil e 500 por causa do imprevisto",
      "pode ficar com 2.500 por causa do imprevisto",
      "pode ficar com dois e quinhentos por causa do imprevisto",
      "pode ficar com 2500 pelo transtorno",
      "pode ficar com 2500 pela correria",
      "pode ficar com 2500 pelo atraso",
      "fecha em 2500 pra você pelo imprevisto",
      "deixo 2500 pra você pelo imprevisto",
      "deixo 2.500 pra você pelo imprevisto",
      "pode ficar com 2500 por conta disso tranquilo",
      "fica com 2500 por esse imprevisto fechado",
      "pode ficar com 2500 por esse imprevisto dmr",
      "pode ficar com 2.500 por esse imprevisto beleza",
      "pode ficar com dois mil e quinhentos por esse imprevisto",
      "fica com dois e quinhentos por esse imprevisto pode ser"
    ],
    "msg9b4": [
      "e tento te arrumar mais trampo quando aparecer",
      "e vou tentar te arrumar mais trampo quando aparecer",
      "e vou tentar te arrumar mais trampos assim que der",
      "e te arrumo mais trampo quando aparecer",
      "e te passo mais trampo quando aparecer",
      "e te passo os próximos trampos",
      "e te chamo pros próximos trampos",
      "e te chamo quando surgir mais trampo",
      "e te chamo quando tiver mais",
      "e te chamo quando rolar mais trampo",
      "e te coloco nos próximos quando tiver",
      "e te puxo pros próximos trampos",
      "e te aviso quando tiver mais trampo",
      "e te aviso assim que aparecer mais trampo",
      "e tento te passar mais trampos assim que der",
      "e vou te passar mais trampo quando tiver",
      "e vou te chamar quando entrar mais trampo",
      "e conforme surgir mais trampo eu te chamo",
      "e quando vier mais trampo eu te chamo"
    ],
    "msg9b5": [
      "vou resolver uma responsa aqui",
      "vou precisar resolver um BO aqui",
      "vou resolver um problema aqui",
      "agora vou precisar resolver um negócio aqui",
      "resolver uma coisa aqui agora",
      "vou resolver uma coisa aqui agora",
      "preciso resolver uma coisa aqui agora",
      "preciso resolver um negócio aqui rapidinho",
      "preciso resolver um problema aqui rapidinho",
      "vou resolver uma pendência aqui",
      "vou resolver uma pendência aqui rapidinho",
      "vou resolver um assunto aqui",
      "vou resolver um detalhe aqui",
      "vou ali resolver uma coisa",
      "vou ali resolver um problema",
      "agora vou resolver um assunto aqui",
      "agora preciso resolver uma coisa aqui",
      "tô resolvendo uma coisa aqui agora",
      "to resolvendo um negócio aqui",
      "tô resolvendo um BO aqui",
      "to resolvendo um problema aqui"
    ],
    "msg9b6": [
      "vou ficar off uns 30 minutinhos",
      "vou ficar offline uns 30 minutos",
      "precisar sair por meia hora mais ou menos",
      "vou ficar off uns 30 min",
      "vou ficar off por meia hora",
      "vou ficar offline por meia hora",
      "vou ficar fora uns 30 min",
      "vou ficar ausente uns 30 min",
      "vou dar uma saída de uns 30 min",
      "vou sair por uns 30 min",
      "vou sair por meia hora",
      "preciso sair por uns 30 min",
      "preciso sair por meia hora",
      "preciso ficar off uns 30 min",
      "vou sumir uns 30 min",
      "vou sumir por meia hora",
      "vou ficar sem responder uns 30 min",
      "fico off uns 30 min",
      "fico offline uns 30 min",
      "offline uns 30 min",
      "off por uns 30 min"
    ],
    "msg9b7": [
      "já te chamo de novo assim que eu voltar",
      "assim que eu voltar já te chamo novamente",
      "assim que voltar eu já te chamo de novo",
      "quando eu voltar eu já te chamo aí",
      "assim que eu voltar já te chamo",
      "assim que eu voltar te chamo de novo",
      "assim que eu voltar te chamo aí",
      "assim que eu voltar já te chamo por aqui",
      "assim que eu estiver de volta te chamo",
      "na hora que eu voltar eu te chamo",
      "na hora que eu voltar já te chamo",
      "na hora que eu voltar te chamo novamente",
      "quando voltar já te chamo",
      "quando eu voltar já te chamo aqui",
      "quando eu voltar te chamo de novo aqui",
      "na volta eu já te chamo",
      "volto e já te chamo de novo",
      "voltando já te chamo",
      "depois que eu voltar eu te chamo",
      "volto e te chamo de novo aqui",
      "quando eu voltar te chamo aí de novo"
    ]
  },
  "msg10": {
    "msg10b1": [
      "foi mal a demora"
    ],
    "msg10b2": [
      "tava em ligação com o pessoal lá da mpay"
    ],
    "msg10b3": [
      "eu tô puto"
    ],
    "msg10b4": [
      "hoje deu b.o em várias contas 🤦🏾‍♂"
    ]
  },
  "msg11": {
    "msg11b1": [
      "eu não sei se você já validou ou não"
    ],
    "msg11b2": [
      "tá nas mensagens temporária"
    ],
    "msg11b3": [
      "parece que o banco que faz as transações lá tá com problema hoje"
    ],
    "msg11b4": [
      "aí as contas não tão liberando o saldo no mesmo dia"
    ],
    "msg11b5": [
      "primeira vez que acontece isso, nunca mais uso essa merda de plataforma"
    ]
  },
  "msg12": {
    "msg12b1": [
      "mas eles disseram que só tá com atraso mesmo"
    ],
    "msg12b2": [
      "se você tiver sacado é só esperar agora"
    ],
    "msg12b3": [
      "se você ainda não sacou não perde essa chance de jeito nenhum kkk"
    ],
    "msg12b4": [
      "se não for sacar avisa que vou passar pra outro aqui"
    ]
  },
  "msg13": {
    "msg13b1": [
      "qual seu nome? Vou salvar seu contato"
    ],
    "msg13b2": [
      "amanhã vamos precisar de Lara pra outra plataforma e te chamo também"
    ],
    "msg13b3": [
      "aí não tem isso de verificar nem nada"
    ],
    "msg13b4": [
      "depois te chamo aí dmr?"
    ]
  },
  "msg14": {
    "msg14b1": [
      "falei com a mina lá de dentro de novo"
    ],
    "msg14b2": [
      "nenhuma conta que a gente fez desde manhã caiu o dinheiro ainda"
    ]
  },
  "msg15": {
    "msg15b1": [
      "ela disse que é o sistema de pix deles"
    ],
    "msg15b2": [
      "que ainda tá passando por atualização"
    ],
    "msg15b3": [
      "é um sistema novo"
    ]
  },
  "msg16": {
    "msg16b1": [
      "mas se o pix não cair"
    ],
    "msg16b2": [
      "o valor da taxa é reembolsado do mesmo jeito"
    ],
    "msg16b3": [
      "beleza"
    ]
  },
  "msg17": {
    "msg17b1": [
      "e amanhã tem trampo em outra plataforma também"
    ],
    "msg17b2": [
      "que nunca deu problema pra nós"
    ],
    "msg17b3": [
      "posso te chamar"
    ]
  }
}